tipo,prov,coord,label,pagina,type,id,municipio
CEE,Huesca,"41.911168, 0.182848",CEE LA ALEGRÍA,280,cen,22005157,Monzón
CEE,Teruel,"40.351859, -1.113153",CEE ARBOLEDA,361,cen,44003259,Teruel
CEE,Zaragoza,"41.630469, -0.898715",CEE RINCÓN DE GOYA,831,cen,50011537,Zaragoza
CEE,Teruel,"40.974559, -0.448783",CEE GLORIA FUERTES,733,cen,44004148,Andorra
CEE,Zaragoza,"41.667477, -0.894017",CEE ALBORADA,830,cen,50010387,Zaragoza
CEE,Zaragoza,"41.687976, -0.873452",CEE JEAN PIAGET,906,cen,50018131,Zaragoza
CEIP,Zaragoza,"41.633074, -0.873851",CEIP MARÍA MOLINER,365,cen,50009452,Zaragoza
CEIP,Zaragoza,"41.323139, -0.346019",CEIP DANIEL FEDERIO,172,cen,50004326,Sástago
CEIP,Teruel,"40.831504, -0.24323",CEIP VALERO SERRANO,316,cen,44002061,Mas De Las Matas
CEIP,Zaragoza,"41.635884, -0.905461",CEIP ELISEO GODOY BELTRÁN,878,cen,50008381,Zaragoza
CEIP,Zaragoza,"41.662678, -0.902709",CEIP LA ALMOZARA,307,cen,50006438,Zaragoza
CEIP,Zaragoza,"41.718776, -1.024599",CEIP RICARDO MUR,411,cen,50005550,Zaragoza
CEIP,Huesca,"42.304945, 0.040263",CEIP DE PAÚLES DE SARSA,886,cen,22005431,Aínsa-Sobrarbe
CEIP,Zaragoza,"41.511017, -0.626955",CEIP LUIS GARCÍA SÁINZ,652,cen,50002275,Fuentes De Ebro
CEIP,Zaragoza,"41.677622, -0.897084",CEIP JOSÉ ANTONIO LABORDETA SUBÍAS,910,cen,50011801,Zaragoza
CEIP,Zaragoza,"41.657422, -0.92411",CEIP JULIO VERNE,306,cen,50019019,Zaragoza
CEIP,Huesca,"41.861787, 0.428686",CEIP SAN MIGUEL,890,cen,22004271,Tamarite De Litera
CEIP,Huesca,"42.36999, 0.27071",CEIP LA FUEVA,184,cen,22002016,Fueva (La)
CEIP,Zaragoza,"41.652459, -0.924027",CEIP RAMIRO SOLÁNS,151,cen,50008691,Zaragoza
CEIP,Zaragoza,"41.651654, -0.891969",CEIP JOAQUÍN COSTA,143,cen,50006013,Zaragoza
CEIP,Zaragoza,"41.683147, -0.825782",CEIP HERMANOS ARGENSOLA,750,cen,50005631,Zaragoza
CEIP,Teruel,"41.22085, -0.380832",CEIP LUIS TURÓN,108,cen,44001706,Híjar
CEIP,Zaragoza,"41.354455, -1.036758",CEIP SAN BLAS,58,cen,50005291,Villanueva De Huerva
CEIP,Zaragoza,"41.523596, -1.59863",CEIP DIPUTACIÓN PROVINCIAL,926,cen,50000904,Brea De Aragón
CEIP,Zaragoza,"41.375533, 0.304468",CEIP MARÍA QUINTANA,589,cen,50003048,Mequinenza
CEIP,Zaragoza,"41.110735, -1.420173",CEIP PEDRO SÁNCHEZ CIRUELO,326,cen,50001702,Daroca
CEIP,Zaragoza,"41.659517, -0.863937",CEIP MARIE CURIE,912,cen,50018258,Zaragoza
CEIP,Zaragoza,"41.917714, -1.25409",CEIP ALFONSO I EL BATALLADOR,96,cen,50004703,Tauste
CEIP,Zaragoza,"41.331339, -1.645686",CEIP BALTASAR GRACIÁN,771,cen,50001064,Calatayud
CEIP,Zaragoza,"41.627021, -0.890401",CEIP DOMINGO MIRAL,197,cen,50005951,Zaragoza
CEIP,Teruel,"40.329047, -1.095607",CEIP LA FUENFRESCA,874,cen,44004306,Teruel
CEIP,Zaragoza,"41.700386, -0.971411",CEIP FERNÁNDEZ VIZARRA,822,cen,50005641,Zaragoza
CEIP,Zaragoza,"41.640942, -0.931356",CEIP JERÓNIMO BLANCAS Y TOMÁS,752,cen,50005999,Zaragoza
CEIP,Huesca,"41.619207, 0.192458",CEIP FRANCISCO GALIAY SARAÑANA,904,cen,22000706,Ballobar
CEIP,Zaragoza,"41.409136, -1.179779",CEIP MATEO VALERO,729,cen,50011306,Alfamén
CEIP,Zaragoza,"41.654605, -0.911007",CEIP ANA MAYAYO,560,cen,50005896,Zaragoza
CEIP,Zaragoza,"41.647264, -0.865093",CEIP JULIÁN SANZ IBÁÑEZ,358,cen,50006049,Zaragoza
CEIP,Zaragoza,"41.659258, -0.867356",CEIP HILARIÓN GIMENO,59,cen,50006220,Zaragoza
CEIP,Zaragoza,"41.758977, -0.797703",CEIP FLORENCIO JARDIEL,559,cen,50005707,Zaragoza
CEIP,Zaragoza,"41.662573, -0.900051",CEIP PUERTA DE SANCHO,913,cen,50010193,Zaragoza
CEIP,Zaragoza,"41.639189, -0.878376",CEIP SAN JOSÉ DE CALASANZ,39,cen,50006153,Zaragoza
CEIP,Zaragoza,"41.625506, -0.881817",CEIP RAMÓN SÁINZ DE VARANDA,100,cen,50009531,Zaragoza
CEIP,Zaragoza,"42.131292, -1.311907",CEIP FERRER Y RACAJ,776,cen,50001775,Ejea De Los Caballeros
CEIP,Zaragoza,"41.769761, -1.1271",CEIP ARAGÓN,383,cen,50000126,Alagón
CEIP,Teruel,"40.140262, -0.810112",CEIP DE SARRIÓN,476,cen,44002942,Sarrión
CEIP,Huesca,"42.032941, 0.131694",CEIP ALTO ARAGÓN,478,cen,22000721,Barbastro
CEIP,Zaragoza,"42.125369, -1.137168",CEIP CERVANTES,527,cen,50001763,Ejea De Los Caballeros
CEIP,Huesca,"42.138563, -0.411667",CEIP EL PARQUE,62,cen,22004633,Huesca
CEIP,Huesca,"41.721375, 0.110047",CEIP JOSÉ MANUEL BLECUA,749,cen,22000251,Alcolea De Cinca
CEIP,Zaragoza,"41.689086, -0.878708",CEIP CATALINA DE ARAGÓN,907,cen,50018817,Zaragoza
CEIP,Zaragoza,"41.674533, -0.88304",CEIP JOSEFA AMAR Y BORBÓN,911,cen,50011847,Zaragoza
CEIP,Zaragoza,"41.704491, -0.995238",CEIP OCTAVUS,304,cen,50018121,Utebo
CEIP,Zaragoza,"41.639458, -0.866757",CEIP TOMÁS ALVIRA,258,cen,50006281,Zaragoza
CEIP,Huesca,"42.135555, -0.404584",CEIP SANCHO RAMÍREZ,286,cen,22002341,Huesca
CEIP,Zaragoza,"41.474997, -1.472481",CEIP LUCAS ARRIBAS,738,cen,50003206,Morata De Jalón
CEIP,Zaragoza,"41.653328, -0.90401",CEIP EMILIO MORENO CALVETE,692,cen,50006219,Zaragoza
CEIP,Zaragoza,"41.632722, -0.749485",CEIP LOS ALBARES,196,cen,50004004,Puebla De Alfindén (La)
CEIP,Zaragoza,"41.316937, -1.07075",CEIP TOSOS,366,cen,50004879,Tosos
CEIP,Zaragoza,"41.643667, -0.865242",CEIP MARCOS FRECHÍN,755,cen,50006074,Zaragoza
CEIP,Zaragoza,"41.627899, -0.932397",CEIP MONTECANAL,722,cen,50017710,Zaragoza
CEIP,Zaragoza,"41.632126, -0.88737",CEIP LUIS VIVES,825,cen,50006050,Zaragoza
CEIP,Teruel,"40.835565, -0.798666",CEIP COMARCA CUENCAS MINERAS,318,cen,44002191,Montalbán
CEIP,Huesca,"41.605108, 0.266822",CEIP SAN JUAN BAUTISTA,90,cen,22004608,Zaidín
CEIP,Teruel,"40.912661, -1.300958",CEIP RICARDO MALLÉN,313,cen,44000799,Calamocha
CEIP,Zaragoza,"41.653299, -0.913377",CEIP MONSALUD,308,cen,50009944,Zaragoza
CEIP,Zaragoza,"41.474618, -1.372181",CEIP NERTÓBRIGA,643,cen,50000370,Almunia De Doña Godina (La)
CEIP,Huesca,"42.129691, -0.408232",CEIP PEDRO J. RUBIO,880,cen,22005200,Huesca
CEIP,Zaragoza,"41.770747, -0.825696",CEIP PINTOR PRADILLA,612,cen,50005276,Villanueva De Gállego
CEIP,Zaragoza,"41.424451, -0.497246",CEIP FERNANDO EL CATÓLICO,356,cen,50004031,Quinto
CEIP,Zaragoza,"41.670653, -0.828975",CEIP GUILLERMO FATÁS,909,cen,50005768,Zaragoza
CEIP,Zaragoza,"41.28989, -0.32323",CEIP SAN JAVIER,650,cen,50002032,Escatrón
CEIP,Huesca,"42.502352, -0.361484",CEIP PUENTE SARDAS,290,cen,22003847,Sabiñánigo
CEIP,Huesca,"42.140841, -0.419219",CEIP JUAN XXIII,63,cen,22002302,Huesca
CEIP,Zaragoza,"41.647978, -0.914962",CEIP CIUDAD DE ZARAGOZA,632,cen,50010478,Zaragoza
CEIP,Zaragoza,"41.508042, -1.402135",CEIP MAESTRO MONREAL,905,cen,50004077,Ricla
CEIP,Zaragoza,"41.653626, -0.870856",CEIP TENERÍAS,51,cen,50009397,Zaragoza
CEIP,Huesca,"41.914316, 0.192474",CEIP ARAGÓN,71,cen,22004840,Monzón
CEIP,Zaragoza,"41.634774, -0.940607",CEIP ROSALES DEL CANAL,199,cen,50018271,Zaragoza
CEIP,Zaragoza,"41.663407, -0.858024",CEIP LA ESTRELLA,633,cen,50009749,Zaragoza
CEIP,Zaragoza,"41.657101, -0.857123",CEIP VADORREY-LES ALLÉES,101,cen,50018830,Zaragoza
CEIP,Zaragoza,"41.657499, -0.916725",CEIP JOSÉ CAMÓN AZNAR,753,cen,50009373,Zaragoza
CEIP,Huesca,"42.032985, 0.121554",CEIP LA MERCED,593,cen,22000731,Barbastro
CEIP,Zaragoza,"41.786823, -1.217138",CEIP CERVANTES,514,cen,50003735,Pedrola
CEIP,Zaragoza,"41.683263, -1.024039",CEIP GUSTAVO ADOLFO BÉCQUER,653,cen,50005574,Zaragoza
CEIP,Zaragoza,"41.677423, -0.883092",CEIP HERMANOS MARX,198,cen,50010171,Zaragoza
CEIP,Zaragoza,"41.614995, -0.92591",CEIP SAN JORGE,915,cen,50019081,Zaragoza
CEIP,Zaragoza,"41.297499, -1.889292",CEIP PABLO LUNA,606,cen,50017679,Alhama De Aragón
CEIP,Zaragoza,"41.758673, -1.067406",CEIP MONTES DEL CASTELLAR,805,cen,50004843,Torres De Berrellén
CEIP,Zaragoza,"41.648712, -0.864709",CEIP LAS FUENTES,517,cen,50009403,Zaragoza
CEIP,Teruel,"40.79649, -0.809304",CEIP ANTONIO GARGALLO MOYA,524,cen,44001378,Escucha
CEIP,Zaragoza,"41.339006, -1.22734",CEIP SANTO CRISTO DE SANTIAGO,646,cen,50001301,Cariñena
CEIP,Huesca,"42.426219, -0.664356",CEIP VIRGEN DE LOS RÍOS,50,cen,22005054,Caldearenas
CEIP,Zaragoza,"41.616394, -0.705885",CEIP BRIANDA DE LUNA,728,cen,50000291,Alfajarín
CEIP,Zaragoza,"41.651042, -0.927683",CEIP FERNANDO EL CATÓLICO,561,cen,50005963,Zaragoza
CEIP,Huesca,"41.523043, 0.341532",CEIP SAN JOSÉ DE CALASANZ,167,cen,22001887,Fraga
CEIP,Zaragoza,"41.4746, -1.37218",CEIP NERTÓBRIGA II,208,cen,50019317,Almunia De Doña Godina (La)
CEIP,Zaragoza,"41.235478, -0.037394",CEIP COMPROMISO DE CASPE,647,cen,50001350,Caspe
CEIP,Zaragoza,"41.637709, -0.905329",CEIP CESÁREO ALIERTA,715,cen,50008356,Zaragoza
CEIP,Zaragoza,"41.832123, -1.533911",CEIP CAMPO DE BORJA,925,cen,50000850,Borja
CEIP,Huesca,"42.142132, -0.39668",CEIP PÍO XII,881,cen,22002338,Huesca
CEIP,Zaragoza,"41.542528, -0.998414",CEIP VAL DE LA ATALAYA,530,cen,50019251,María De Huerva
CEIP,Zaragoza,"41.816741, -1.518598",CEIP EL POMILLO,876,cen,50017655,Ainzón
CEIP,Zaragoza,"41.65776, -0.884998",CEIP SANTO DOMINGO,826,cen,50006141,Zaragoza
CEIP,Zaragoza,"41.232527, -0.046279",CEIP ALEJO LORÉN ALBAREDA,213,cen,50010764,Caspe
CEIP,Zaragoza,"41.644037, -0.86163",CEIP TORRE RAMONA,705,cen,50009208,Zaragoza
CEIP,Huesca,"42.409732, 0.397483",CEIP CERBÍN,378,cen,22001358,Campo
CEIP,Teruel,"40.893245, -0.383342",CEIP EL JUSTICIA DE ARAGÓN,300,cen,44000325,Alcorisa
CEIP,Zaragoza,"41.867073, -0.788441",CEIP ODÓN DE BUEN,398,cen,50008587,Zuera
CEIP,Zaragoza,"41.65941, -0.943783",CEIP JULIÁN NIETO TAPIA,99,cen,50005598,Zaragoza
CEIP,Zaragoza,"41.64604, -0.921774",CEIP HISPANIDAD,489,cen,50010181,Zaragoza
CEIP,Zaragoza,"42.496481, -1.215451",CEIP ISIDORO GIL DE JAZ,877,cen,50004478,Sos Del Rey Católico
CEIP,Zaragoza,"41.424102, -1.37936",CEIP RAMÓN Y CAJAL,644,cen,50000436,Alpartir
CEIP,Zaragoza,"41.656325, -0.932817",CEIP MIRALBUENO,756,cen,50018261,Zaragoza
CEIP,Zaragoza,"41.209849, -1.084838",CEIP SAN JORGE,654,cen,50002433,Herrera De Los Navarros
CEIP,Zaragoza,"41.623872, -0.916836",CEIP VALDESPARTERA,902,cen,50018246,Zaragoza
CEIP,Zaragoza,"41.631893, -0.757091",CEIP REINO DE ARAGÓN,400,cen,50017898,Puebla De Alfindén (La)
CEIP,Teruel,"40.352816, -1.109244",CEIP LAS ANEJAS,486,cen,44003120,Teruel
CEIP,Huesca,"42.554289, -0.347181",CEIP MIGUEL SERVET,183,cen,22003926,Sabiñánigo
CEIP,Zaragoza,"41.724808, -1.034265",CEIP ANTONIO MARTÍNEZ GARAY,775,cen,50009786,Zaragoza
CEIP,Zaragoza,"41.487889, -0.529565",CEIP RAMÓN Y CAJAL,442,cen,50017680,Pina De Ebro
CEIP,Zaragoza,"41.866063, -1.316638",CEIP MARÍA DOMÍNGUEZ,331,cen,50002329,Gallur
CEIP,Zaragoza,"41.668796, -0.843652",CEIP GLORIA ARENILLAS,264,cen,50009415,Zaragoza
CEIP,Teruel,"40.940573, -0.229016",CEIP VIRGEN DEL PILAR,918,cen,44000829,Calanda
CEIP,Zaragoza,"41.906081, -1.721421",CEIP MONCAYO,730,cen,50004612,Tarazona
CEIP,Zaragoza,"41.348936, -1.637906",CEIP FRANCISCO DE GOYA,772,cen,50001076,Calatayud
CEIP,Zaragoza,"41.668557, -0.873632",CEIP SAN BRAULIO,744,cen,50006128,Zaragoza
CEIP,Huesca,"42.392071, -0.192736",CEIP VALLE DEL GUARGA,903,cen,22005340,Sabiñánigo
CEIP,Zaragoza,"41.902414, -1.720612",CEIP SALVADOR MINGUIJÓN,773,cen,50001088,Calatayud
CEIP,Zaragoza,"41.644029, -0.901522",CEIP RECARTE Y ORNAT,403,cen,50005914,Zaragoza
CEIP,Huesca,"42.276135, -0.688251",CEIP RAMÓN Y CAJAL,513,cen,22000585,Ayerbe
CEIP,Zaragoza,"41.833817, -0.764892",CEIP GALO PONTE,303,cen,50017904,San Mateo De Gállego
CEIP,Huesca,"42.680517, -0.532894",CEIP COLLARADA,192,cen,22004566,Villanúa
CEIP,Zaragoza,"41.635883, -0.870849",CEIP CALIXTO ARIÑO-HILARIO VAL,515,cen,50006207,Zaragoza
CEIP,Teruel,"40.783512, -1.357862",CEIP NTRA. SRA. DEL PILAR,767,cen,44002152,Monreal Del Campo
CEIP,Huesca,"41.842911, 0.298658",CEIP VÍCTOR MENDOZA MENDOZA,870,cen,22001073,Binéfar
CEIP,Huesca,"41.941906, -0.365873",CEIP SANTIAGO APÓSTOL,381,cen,22002119,Grañén
CEIP,Zaragoza,"41.636817, -0.906248",CEIP CÉSAR AUGUSTO,747,cen,50008371,Zaragoza
CEIP,Zaragoza,"41.940016, -1.325585",CEIP SANTA ENGRACIA,152,cen,50008782,Tauste
CEIP,Zaragoza,"41.596978, -1.27666",CEIP GASPAR REMIRO,328,cen,50002007,Épila
CEIP,Teruel,"40.974559, -0.448783",CEIP JUAN RAMÓN ALEGRE,627,cen,44000465,Andorra
CEIP,Huesca,"41.912177, 0.192884",CEIP JOAQUÍN COSTA,72,cen,22003215,Monzón
CEIP,Huesca,"42.748834, -0.515198",CEIP LOS ARAÑONES,275,cen,22001437,Canfranc
CEIP,Zaragoza,"41.670992, -0.874558",CEIP LUCIEN BRIET,754,cen,50018143,Zaragoza
CEIP,Huesca,"42.56766, -0.554639",CEIP SAN JUAN DE LA PEÑA,66,cen,22002673,Jaca
CEIP,Teruel,"40.248434, -0.751512",CEIP SAN MIGUEL,406,cen,44002221,Mora De Rubielos
CEIP,Teruel,"40.977588, -0.459257",CEIP MANUEL FRANCO ROYO,397,cen,44004562,Andorra
CEIP,Zaragoza,"41.664004, -0.899412",CEIP JERÓNIMO ZURITA Y CASTRO,86,cen,50006001,Zaragoza
CEIP,Teruel,"40.34359, -1.109271",CEIP PIERRES VEDEL,604,cen,44003090,Teruel
CEIP,Huesca,"42.034424, 0.129671",CEIP PEDRO I,594,cen,22004906,Barbastro
CEIP,Zaragoza,"41.841507, -1.178173",CEIP ALFREDO MUIÑOS,473,cen,50004053,Remolinos
CEIP,Zaragoza,"41.933455, -1.396038",CEIP SAN NICASIO,57,cen,50003504,Novillas
CEIP,Zaragoza,"41.534892, -0.999728",CEIP SAN ROQUE,651,cen,50017916,María De Huerva
CEIP,Zaragoza,"41.649988, -0.821923",CEIP MAESTRO DON PEDRO ORÓS,449,cen,50005653,Zaragoza
CEIP,Zaragoza,"41.687976, -0.873452",CEIP AGUSTINA DE ARAGÓN,631,cen,50017862,Zaragoza
CEIP,Teruel,"41.050056, -0.139186",CEIP JUAN SOBRARIAS,299,cen,44010100,Alcañiz
CEIP,Zaragoza,"41.662586, -0.875318",CEIP TÍO JORGE,144,cen,50006165,Zaragoza
CEIP,Huesca,"42.130514, -0.401585",CEIP PIRINEOS-PYRÉNÉES,64,cen,22010323,Huesca
CEIP,Huesca,"41.906682, 0.186445",CEIP MONZÓN III,495,cen,22010839,Monzón
CEIP,Zaragoza,"41.641593, -0.877277",CEIP MIRAFLORES,853,cen,50009580,Zaragoza
CEIP,Zaragoza,"41.681156, -0.872339",CEIP PARQUE GOYA,634,cen,50017072,Zaragoza
CEIP,Zaragoza,"41.716265, -0.842306",CEIP ANDRÉS OLIVÁN,806,cen,50005744,Zaragoza
CEIP,Zaragoza,"41.713175, -1.022299",CEIP INFANTA ELENA,854,cen,50010296,Utebo
CEIP,Zaragoza,"41.237454, 0.334359",CEIP NTRA. SRA. DEL PILAR,215,cen,50002123,Fayón
CEIP,Zaragoza,"41.528077, -1.342005",CEIP DOMINGO JIMÉNEZ BELTRÁN,927,cen,50001222,Calatorao
CEIP,Zaragoza,"41.58112, -1.11651",CEIP GIL TARÍN,94,cen,50017448,Muela (La)
CEIP,Zaragoza,"41.559814, -0.964642",CEIP CASTILLO QADRIT,116,cen,50011288,Cadrete
CEIP,Zaragoza,"41.664912, -0.881467",CEIP CORTES DE ARAGÓN,98,cen,50010481,Zaragoza
CEIP,Zaragoza,"41.585459, -0.945038",CEIP FORO ROMANO,648,cen,50018283,Cuarte De Huerva
CEIP,Huesca,"42.410648, 0.137857",CEIP ASUNCIÓN PAÑART MONTANER,195,cen,22000071,Aínsa-Sobrarbe
CEIP,Zaragoza,"42.128487, -1.130205",CEIP RECTOR MAMÉS ESPERABÉ,777,cen,50008678,Ejea De Los Caballeros
CEIP,Zaragoza,"41.660183, -0.858322",CEIP LA JOTA,896,cen,50006037,Zaragoza
CEIP,Zaragoza,"41.702493, -0.998783",CEIP PARQUE EUROPA,440,cen,50017451,Utebo
CEIP,Zaragoza,"41.736343, -1.099782",CEIP MIGUEL ARTIGAS,355,cen,50003851,Pinseque
CEIP,Teruel,"40.87312, 0.15427",CEIP VICENTE FERRER RAMOS,875,cen,44003715,Valderrobres
CEIP,Zaragoza,"41.659058, -0.873593",CEIP CÁNDIDO DOMINGO,97,cen,50005926,Zaragoza
CEIP,Huesca,"41.713657, -0.005426",CEIP MIGUEL SERVET,625,cen,22004578,Villanueva De Sigena
CEIP,Huesca,"42.04115, -0.58392",CEIP SANTOS SAMPER SARASA,628,cen,22000299,Almudévar
CEIP,Zaragoza,"41.669043, -0.894822",CEIP RÍO EBRO,883,cen,50010399,Zaragoza
CEIP,Zaragoza,"41.590391, -0.928961",CEIP RAMÓN Y CAJAL,413,cen,50008952,Cuarte De Huerva
CEIP,Huesca,"42.190799, 0.338521",CEIP JOAQUÍN COSTA,597,cen,22002156,Graus
CEIP,Zaragoza,"41.668399, -0.839133",CEIP JUAN PABLO BONET,751,cen,50005677,Zaragoza
CEIP,Zaragoza,"41.638406, -0.893881",CEIP BASILIO PARAÍSO,456,cen,50006311,Zaragoza
CEIP,Teruel,"41.048594, -0.130195",CEIP JUAN LORENZO PALMIRENO,193,cen,44010203,Alcañiz
CEIP,Zaragoza,"41.906537, -1.725464",CEIP JOAQUÍN COSTA,847,cen,50004545,Tarazona
CEIP,Huesca,"42.522266, -0.366506",CEIP MONTECORONA,498,cen,22003835,Sabiñánigo
CEIP,Huesca,"42.576042, -0.544056",CEIP MONTE OROEL,882,cen,22004839,Jaca
CEIP,Zaragoza,"41.669392, -0.822729",CEIP EL ESPARTIDERO,402,cen,50017874,Zaragoza
CEIP,Zaragoza,"41.677064, -0.877718",CEIP ZALFONADA,914,cen,50009385,Zaragoza
CEIP,Zaragoza,"41.398264, -1.321795",CEIP ARZOBISPO DOMÉNECH,330,cen,50000369,Almonacid De La Sierra
CEIP,Huesca,"41.795022, -0.158002",CEIP LA LAGUNA,499,cen,22004104,Sariñena
CEIP,Zaragoza,"41.539851, -1.626163",CEIP BENEDICTO XIII,216,cen,50002457,Illueca
CEIP,Zaragoza,"41.647398, -0.906161",CEIP JOSÉ MARÍA MIR,824,cen,50006025,Zaragoza
CEIP,Zaragoza,"41.309337, -0.749895",CEIP BELIA,211,cen,50000722,Belchite
CEIP,Zaragoza,"41.739284, -1.036323",CEIP SUBPRADEL,173,cen,50004430,Sobradiel
CEIP,Teruel,"41.123898, -0.510068",CEIP ROMÁN GARCÍA,746,cen,44000121,Albalate Del Arzobispo
CEIP,Zaragoza,"41.329898, -1.794291",CEIP VIRGEN DE LA PEANA,924,cen,50000618,Ateca
CEIP,Zaragoza,"41.192028, -1.287782",CEIP FERNANDO EL CATÓLICO,691,cen,50005331,Villarreal De Huerva
CEIP,Zaragoza,"41.60764, -0.824234",CEIP ÁNGEL ESCORIAZA,774,cen,50005422,Zaragoza
CEIP,Huesca,"41.519164, 0.350948",CEIP MIGUEL SERVET,720,cen,22001875,Fraga
CEIP,Teruel,"41.049273, -0.125415",CEIP EMILIO DÍAZ,626,cen,44000246,Alcañiz
CEIP,Huesca,"41.522964, 0.361697",CEIP LITERA,387,cen,22001905,Fraga
CEIP,Teruel,"40.456638, -1.28701",CEIP MIGUEL BLASCO VILATELA,921,cen,44001159,Cella
CEIP,Zaragoza,"41.65547, -0.89942",CEIP JUAN XXIII,455,cen,50006232,Zaragoza
CEIP,Zaragoza,"41.710241, -0.999391",CEIP MIGUEL ARTAZOS TAMÉ,630,cen,50005011,Utebo
CEIP,Zaragoza,"41.649461, -0.877964",CEIP GASCÓN Y MARÍN,887,cen,50005975,Zaragoza
CEIP,Zaragoza,"41.637709, -0.905329",CEIP DOCTOR AZÚA,908,cen,50008368,Zaragoza
CEIP,Huesca,"42.13049, -0.417908",CEIP ALCORAZ,174,cen,22002569,Huesca
CEIP,Zaragoza,"41.685939, -0.768217",CEIP MARIANO CASTILLO,305,cen,50005872,Villamayor De Gállego
CEIP,Zaragoza,"41.901347, -1.418043",CEIP MANLIA,930,cen,50002937,Mallén
CEIP,Teruel,"40.341507, -1.103128",CEIP MIGUEL VALLÉS,281,cen,44003107,Teruel
CEIP,Teruel,"40.336604, -1.107012",CEIP ENSANCHE,49,cen,44003272,Teruel
CINTFP,Huesca,"42.140154, -0.420924",CINTFP SAN LORENZO,501,cen,22005121,Huesca
CINTFP,Huesca,"42.121305, -0.4571708",CINTFP PIRÁMIDE,405,cen,22010712,Huesca
CPEPA,Zaragoza,"41.65655, -0.883897",CPEPA GÓMEZ LAFUENTE,434,cen,50011446,Zaragoza
CPEPA,Zaragoza,"41.336703, -1.222554",CPEPA RICARDO SOLA ALMAU,857,cen,50010821,Cariñena
CPRI-ES,Zaragoza,"41.66999, -0.878909",CPRI-ES SAN VALERO,309,cen,50007716,Zaragoza
CPRI-ES,Zaragoza,"41.479123, -1.377418",CPRI-ES SALESIANOS LAVIAGA-CASTILLO,409,cen,50000412,Almunia De Doña Godina (La)
CPRI-ES,Zaragoza,"41.640048, -0.893195",CPRI-ES LA SALLE FRANCISCANAS GRAN VÍA,699,cen,50007467,Zaragoza
CPRI-ES,Huesca,"41.917009, 0.182704",CPRI-ES SANTO DOMINGO SAVIO,323,cen,22003239,Monzón
CPRI-ES,Huesca,"42.605626, 0.524567",CPRI-ES VALLE DE BENASQUE,544,cen,22006137,Benasque
CPRI-FPE,Zaragoza,"41.770968, -1.12058",CPRI-FPE ALAÚN,863,cen,50010028,Alagón
CPRI-INFPRI,Huesca,"41.909377, 0.187996",CPRI-INFPRI SANTA ANA,392,cen,22003252,Monzón
CPRI-INFPRI,Huesca,"42.519875, -0.364329",CPRI-INFPRI SANTA ANA,76,cen,22003860,Sabiñánigo
CPRI-INFPRI,Zaragoza,"41.639713, -0.894478",CPRI-INFPRI LA SALLE FRANCISCANAS,726,cen,50006815,Zaragoza
CPRI-INFPRI,Huesca,"41.914533, 0.193516",CPRI-INFPRI MINTE,288,cen,22003276,Monzón
CPRI-INFPRI,Zaragoza,"41.871654, -0.792327",CPRI-INFPRI NUESTRA SEÑORA DEL PILAR,614,cen,50008605,Zuera
CPRI-INPRISE,Zaragoza,"41.642049, -0.895452",CPRI-INPRISE CARDENAL XAVIERRE,856,cen,50006566,Zaragoza
CPRI-INPRISE,Zaragoza,"41.633738, -0.905856",CPRI-INPRISE ROMAREDA,576,cen,50008332,Zaragoza
CPRI-INPRISE,Huesca,"42.142304, -0.411805",CPRI-INPRISE SAN BERNARDO,598,cen,22002430,Huesca
CPRI-INPRISE,Teruel,"41.051436, -0.130893",CPRI-INPRISE LA INMACULADA,91,cen,44000271,Alcañiz
CPRI-INPRISE,Zaragoza,"41.648005, -0.878017",CPRI-INPRISE CANTÍN Y GAMBOA,40,cen,50006578,Zaragoza
CPRI-INPRISE,Zaragoza,"41.63754, -0.909847",CPRI-INPRISE SAGRADO CORAZÓN-MONCAYO,497,cen,50011100,Zaragoza
CPRI-INPRISE,Zaragoza,"41.646462, -0.860012",CPRI-INPRISE OBRA DIOCESANA SANTO DOMINGO DE SILOS,613,cen,50007856,Zaragoza
CPRI-INPRISE,Zaragoza,"41.654774, -0.885996",CPRI-INPRISE ESCUELAS PÍAS,146,cen,50006751,Zaragoza
CPRI-INPRISE,Zaragoza,"41.678429, -0.965013",CPRI-INPRISE CONDES DE ARAGÓN,724,cen,50005823,Zaragoza
CPRI-INPRISE,Zaragoza,"41.646867, -0.878134",CPRI-INPRISE SAGRADO CORAZÓN,899,cen,50007421,Zaragoza
CPRI-INPRISE,Zaragoza,"42.123474, -1.140814",CPRI-INPRISE NTRA. SRA. DE LAS MERCEDES,327,cen,50001799,Ejea De Los Caballeros
CPRI-INPRISE,Zaragoza,"41.663553, -0.927526",CPRI-INPRISE SAN ALBERTO MAGNO,141,cen,50005628,Zaragoza
CPRI-INPRISE,Zaragoza,"41.627839, -0.906287",CPRI-INPRISE MADRE MARÍA ROSA MOLAS,140,cen,50005537,Zaragoza
CPRI-INPRISE,Zaragoza,"41.638845, -0.863349",CPRI-INPRISE BAJO ARAGÓN,603,cen,50008034,Zaragoza
CPRI-INPRISE,Huesca,"42.142951, -0.414784",CPRI-INPRISE SANTA ROSA-ALTOARAGÓN,879,cen,22002466,Huesca
CPRI-INPRISE,Zaragoza,"41.649043, -0.901198",CPRI-INPRISE HIJAS DE SAN JOSÉ,43,cen,50006840,Zaragoza
CPRI-INPRISE,Huesca,"42.036629, 0.123766",CPRI-INPRISE SAN JOSÉ DE CALASANZ,399,cen,22000779,Barbastro
CPRI-INPRISE,Zaragoza,"41.678919, -0.963227",CPRI-INPRISE ANTONIO MACHADO,704,cen,50008976,Zaragoza
CPRI-INPRISE,Zaragoza,"41.589128, -0.952206",CPRI-INPRISE BRITÁNICO DE ARAGÓN,178,cen,50005549,Zaragoza
CPRI-INPRISE,Zaragoza,"41.662207, -0.967656",CPRI-INPRISE JUAN DE LANUZA,757,cen,50009361,Zaragoza
CPRI-INPRISE,Zaragoza,"41.626279, -0.900544",CPRI-INPRISE SANTA MARÍA DEL PILAR,379,cen,50007789,Zaragoza
CPRI-INPRISE,Zaragoza,"41.656094, -0.891331",CPRI-INPRISE NTRA. SRA. DEL CARMEN Y SAN JOSÉ,812,cen,50007157,Zaragoza
CPRI-INPRISE,Huesca,"42.140015, -0.414192",CPRI-INPRISE SAN VIATOR,168,cen,22002478,Huesca
CPRI-INPRISE,Teruel,"40.33257, -1.099986",CPRI-INPRISE LA SALLE-SAN JOSÉ,374,cen,44003041,Teruel
CPRI-INPRISE,Zaragoza,"41.646852, -0.915482",CPRI-INPRISE PADRE ENRIQUE DE OSSÓ,711,cen,50006797,Zaragoza
CPRI-INPRISE,Zaragoza,"41.625961, -0.907888",CPRI-INPRISE SAGRADA FAMILIA,357,cen,50005513,Zaragoza
CPRI-INPRISE,Zaragoza,"41.639175, -0.888499",CPRI-INPRISE CALASANCIO,563,cen,50006542,Zaragoza
CPRI-INPRISE,Huesca,"42.139553, -0.410684",CPRI-INPRISE SANTA ANA,721,cen,22002417,Huesca
CPRI-INPRISE,Zaragoza,"41.638013, -0.886406",CPRI-INPRISE NTRA. SRA. DE LA MERCED,571,cen,50007194,Zaragoza
CPRI-INPRISE,Zaragoza,"41.649646, -0.886266",CPRI-INPRISE COMPAÑÍA DE MARÍA,590,cen,50006633,Zaragoza
CPRI-INPRISE,Zaragoza,"41.644913, -0.889077",CPRI-INPRISE COLEGIO MONTESSORI,189,cen,50006581,Zaragoza
CPRI-INPRISE,Huesca,"42.033204, 0.119075",CPRI-INPRISE SAN VICENTE DE PAÚL,868,cen,22000767,Barbastro
CPRI-INPRISE,Zaragoza,"41.632087, -0.900363",CPRI-INPRISE EL SALVADOR,481,cen,50010272,Zaragoza
CPRI-INPRISE,Zaragoza,"41.636003, -0.880405",CPRI-INPRISE MARÍA AUXILIADORA,712,cen,50007017,Zaragoza
CPRI-INPRISE,Zaragoza,"41.639364, -0.87296",CPRI-INPRISE AGUSTÍN GERICÓ,570,cen,50007078,Zaragoza
CPRI-INPRISE,Zaragoza,"41.627867, -0.9101",CPRI-INPRISE SANSUEÑA,188,cen,50005495,Zaragoza
CPRI-INPRISE,Zaragoza,"41.686745, -0.868839",CPRI-INPRISE CRISTO REY,457,cen,50006669,Zaragoza
CPRI-INPRISE,Teruel,"40.340096, -1.105797",CPRI-INPRISE LA PURÍSIMA Y SANTOS MÁRTIRES,866,cen,44003171,Teruel
CPRI-INPRISE,Zaragoza,"41.636263, -0.925604",CPRI-INPRISE SANTA MAGDALENA SOFÍA,463,cen,50007777,Zaragoza
CPRI-INPRISE,Zaragoza,"41.617831, -0.907522",CPRI-INPRISE LICEO EUROPA,566,cen,50006724,Zaragoza
CPRI-INPRISE,Zaragoza,"41.350551, -1.639177",CPRI-INPRISE SANTA ANA,325,cen,50001121,Calatayud
CPRI-INPRISE,Zaragoza,"41.901509, -1.723487",CPRI-INPRISE NTRA. SRA. DEL PILAR,56,cen,50004594,Tarazona
CPRI-INPRISE,Zaragoza,"41.657869, -0.867757",CPRI-INPRISE LA PURÍSIMA Y SAN ANTONIO,838,cen,50007388,Zaragoza
CPRI-INPRISE,Zaragoza,"41.651055, -0.919927",CPRI-INPRISE MARÍA INMACULADA,615,cen,50006803,Zaragoza
CPRI-INPRISE,Teruel,"41.049989, -0.132154",CPRI-INPRISE SAN VALERO,725,cen,44000261,Alcañiz
CPRI-INPRISE,Zaragoza,"41.905878, -1.728544",CPRI-INPRISE SAGRADA FAMILIA,820,cen,50004570,Tarazona
CPRI-INPRISE,Zaragoza,"41.651483, -0.883786",CPRI-INPRISE SANTA ROSA,573,cen,50007807,Zaragoza
CPRI-INPRISE,Zaragoza,"41.671563, -0.882797",CPRI-INPRISE SAGRADO CORAZÓN DE JESÚS,485,cen,50007431,Zaragoza
CPRI-INPRISE,Zaragoza,"41.668708, -0.882163",CPRI-INPRISE EL PILAR-MARISTAS,846,cen,50007327,Zaragoza
CPRI-INPRISE,Zaragoza,"41.652952, -0.883361",CPRI-INPRISE CALASANZ,591,cen,50006554,Zaragoza
CPRI-INPRISE,Zaragoza,"41.632909, -0.886549",CPRI-INPRISE VILLA CRUZ,842,cen,50007996,Zaragoza
CPRI-INPRISE,Teruel,"40.351995, -1.119398",CPRI-INPRISE LAS VIÑAS,714,cen,44003077,Teruel
CPRI-INPRISE,Zaragoza,"41.633515, -0.871056",CPRI-INPRISE ESCUELAS PÍAS DE SANTA ENGRACIA,322,cen,50006761,Zaragoza
CPRI-INPRISE,Zaragoza,"41.580973,-0.952917",CPRI-INPRISE INTERNACIONAL ÁNFORA,944,cen,50019378,Cuarte De Huerva
CPRI-INPRISE,Zaragoza,"41.833309, -1.534824",CPRI-INPRISE SANTA ANA,212,cen,50000862,Borja
CPRI-INPRISE,Zaragoza,"41.872479, -0.755411",CPRI-INPRISE SAN GABRIEL,52,cen,50008617,Zuera
CPRI-INPRISE,Teruel,"40.333383, -1.108403",CPRI-INPRISE VICTORIA DÍEZ,274,cen,44003156,Teruel
CPRI-INPRISE,Zaragoza,"41.490718, -0.527099",CPRI-INPRISE SANTA MARÍA DE LA ESPERANZA,893,cen,50003838,Pina De Ebro
CPRI-INPRISE,Zaragoza,"41.644198, -0.905012",CPRI-INPRISE SANTA MARÍA REINA,509,cen,50007790,Zaragoza
CPRI-INPRISE,Zaragoza,"41.646592, -0.874974",CPRI-INPRISE INMACULADA CONCEPCIÓN,693,cen,50006888,Zaragoza
CPRI-INPRISE,Zaragoza,"41.656756, -0.891298",CPRI-INPRISE LA ANUNCIATA,739,cen,50006463,Zaragoza
CPRI-INPRISE,Zaragoza,"41.636004, -0.890966",CPRI-INPRISE POMPILIANO,273,cen,50007352,Zaragoza
CPRI-INPRISE,Zaragoza,"41.645649, -0.881106",CPRI-INPRISE NTRA. SRA. DEL CARMEN,462,cen,50007133,Zaragoza
CPRI-INPRISE,Zaragoza,"41.629999, -0.881727",CPRI-INPRISE EL BUEN PASTOR,390,cen,50006529,Zaragoza
CPRI-INPRISE,Huesca,"42.565103, -0.552342",CPRI-INPRISE ESCUELAS PÍAS,175,cen,22002703,Jaca
CPRI-INPRISE,Zaragoza,"41.644635, -0.903298",CPRI-INPRISE SALESIANO NTRA. SRA.DEL PILAR,622,cen,50007236,Zaragoza
CPRI-INPRISE,Zaragoza,"41.637115, -0.870835",CPRI-INPRISE LA SALLE MONTEMOLÍN,47,cen,50007479,Zaragoza
CPRI-INPRISE,Zaragoza,"41.657441, -0.855479",CPRI-INPRISE DON BOSCO,41,cen,50006700,Zaragoza
CPRI-INPRISE,Zaragoza,"41.634271, -0.886748",CPRI-INPRISE SAN ANTONIO DE PADUA,839,cen,50007534,Zaragoza
CPRI-INPRISE,Zaragoza,"41.238088, -0.042015",CPRI-INPRISE SANTA ANA,412,cen,50001362,Caspe
CPRI-INPRISE,Zaragoza,"41.643578, -0.81751",CPRI-INPRISE LA ALFRANCA,859,cen,50011057,Zaragoza
CPRI-INPRISE,Zaragoza,"41.674403, -0.960046",CPRI-INPRISE TERESIANO DEL PILAR,723,cen,50007248,Zaragoza
CPRI-INPRISE,Zaragoza,"41.635058, -0.88616",CPRI-INPRISE LA MILAGROSA,569,cen,50007042,Zaragoza
CPRI-INPRISE,Huesca,"41.526943, 0.33591",CPRI-INPRISE SANTA ANA,279,cen,22001899,Fraga
CPRI-INPRISE,Huesca,"41.850232, 0.296405",CPRI-INPRISE VIRGEN DEL ROMERAL,165,cen,22001085,Binéfar
CPRI-INPRISE,Zaragoza,"41.628708, -0.871074",CPRI-INPRISE SANTA ANA,479,cen,50007731,Zaragoza
CPRI-INTFP,Zaragoza,"41.632376, -0.927796",CPRI-INTFP LA SALLE-SANTO ANGEL,85,cen,50007492,Zaragoza
CPRI-PRI,Zaragoza,"41.717663, -1.026907",CPRI-PRI SAN MIGUEL,410,cen,50005562,Zaragoza
CPRI-PRISEC,Zaragoza,"41.626898, -0.904922",CPRI-PRISEC MONTEARAGÓN,187,cen,50007066,Zaragoza
CRA,Huesca,"41.977455, -0.53716",CRA VIOLADA MONEGROS,500,cen,22005844,Tardienta
CRA,Teruel,"40.409546, -1.431951",CRA DE ALBARRACÍN,900,cen,44004793,Albarracín
CRA,Zaragoza,"41.415818, -1.492948",CRA VICORT-ISUELA,329,cen,50011367,Frasno (El)
CRA,Zaragoza,"41.948743, -1.6973",CRA BÉCQUER,296,cen,50011227,Novallas
CRA,Zaragoza,"41.497516, -0.147113",CRA L' ALBADA,324,cen,50011321,Bujaraloz
CRA,Teruel,"40.673668, -0.702996",CRA PABLO ANTONIO CRESPO,92,cen,44004677,Aliaga
CRA,Huesca,"42.605626, 0.524567",CRA ALTA RIBAGORZA,717,cen,22005881,Benasque
CRA,Huesca,"42.108909, 0.480399",CRA RIBAGORZA ORIENTAL,716,cen,22005790,Benabarre
CRA,Teruel,"40.845527, -0.892438",CRA DE MARTÍN DEL RÍO,922,cen,44004768,Martín Del Río
CRA,Teruel,"40.634514, -1.003321",CRA TERUEL UNO,111,cen,44002541,Perales Del Alfambra
CRA,Huesca,"42.010622, 0.261332",CRA ESTADILLA-FONZ,871,cen,22005716,Fonz
CRA,Zaragoza,"42.28086, -1.271326",CRA LOS BAÑALES,507,cen,50011410,Sádaba
CRA,Zaragoza,"41.44423, -1.707099",CRA RÍO RIBOTA,115,cen,50011161,Aniñón
CRA,Teruel,"40.430351, -1.57267",CRA SIERRA DE ALBARRACÍN,170,cen,44004495,Tramacastilla
CRA,Teruel,"40.838342, -1.325451",CRA GOYA,635,cen,44004689,Caminreal
CRA,Teruel,"40.190207, -0.652173",CRA PÓRTICO DE ARAGÓN,319,cen,44004781,Rubielos De Mora
CRA,Zaragoza,"41.466656, -1.085827",CRA ORBA,743,cen,50011380,Muel
CRA,Zaragoza,"41.258917, -0.873176",CRA L' ALBARDÍN,210,cen,50011203,Azuara
CRA,Zaragoza,"41.31013, -2.060151",CRA PUERTA DE ARAGÓN,645,cen,50011318,Ariza
CRA,Huesca,"41.800286, 0.412068",CRA DE ALTORRICÓN,512,cen,22005819,Altorricón
CRA,Teruel,"41.219061, -0.442915",CRA BAJO MARTÍN,526,cen,44004801,Puebla De Híjar (La)
CRA,Huesca,"42.628162, -0.321667",CRA ALTO GÁLLEGO,869,cen,22005731,Biescas
CRA,Teruel,"40.981417, -0.147925",CRA DEL MEZQUÍN,765,cen,44004811,Castelserás
CRA,Teruel,"41.030251, -0.808659",CRA DE MUNIESA,110,cen,44004771,Muniesa
CRA,Teruel,"40.755383, 0.03932",CRA TASTAVÍNS,525,cen,44004756,Peñarroya De Tastavins
CRA,Zaragoza,"41.286759, -1.617363",CRA TRES RIBERAS,529,cen,50011151,Maluenda
CRA,Huesca,"42.603453, -0.121629",CRA ALTO ARA,377,cen,22001243,Broto
CRA,Teruel,"41.107434, -0.251552",CRA REGALLO,112,cen,44004471,Alcañiz
CRA,Teruel,"40.799219, -0.316822",CRA OLEA,107,cen,44004732,Castellote
CRA,Huesca,"42.196281, 0.39437",CRA BAJA RIBAGORZA,595,cen,22005704,Capella
CRA,Teruel,"40.436269, -0.850964",CRA PALMIRA PLÁ,206,cen,44004719,Cedrillas
CRA,Zaragoza,"41.546944, -1.649014",CRA ARANDA-ISUELA,117,cen,50011148,Gotor
CRA,Teruel,"40.929191, 0.21184",CRA ALGARS,523,cen,44005131,Cretas
CRA,Zaragoza,"41.397492, -1.829568",CRA EL MIRADOR,505,cen,50011173,Moros
CRA,Zaragoza,"41.575446, -0.648784",CRA LA SABINA,395,cen,50011409,Villafranca De Ebro
CRA,Zaragoza,"41.41012, -0.45766",CRA DEL EBRO,928,cen,50011355,Gelsa
CRA,Zaragoza,"41.759738, -1.472296",CRA LAS VIÑAS,415,cen,50011291,Fuendejalón
CRA,Zaragoza,"41.798116, -0.609406",CRA BAJO GÁLLEGO,416,cen,50011422,Leciñena
CRA,Huesca,"41.695274, 0.176314",CRA ALBEOS,164,cen,22005832,Belver De Cinca
CRA,Huesca,"41.930347, -0.067424",CRA A REDOLADA,611,cen,22005698,Peralta De Alcofea
CRA,Zaragoza,"41.443536, -1.563071",CRA EL ENEBRO,897,cen,50011136,Sabiñán
CRA,Teruel,"40.92228, -1.499418",CRA CAMPO BELLO,312,cen,44005153,Bello
CRA,Zaragoza,"41.054938, -1.558398",CRA CERRO DE SANTA CRUZ,295,cen,50011197,Used
CRA,Huesca,"41.843752, -0.260031",CRA MONEGROS-HOYA,177,cen,22005868,Lalueza
CRA,Zaragoza,"41.632475, -1.300112",CRA DE LUMPIAQUE,929,cen,50011124,Lumpiaque
CRA,Teruel,"40.566245, -1.317175",CRA CUNA DEL JILOCA,713,cen,44005074,Santa Eulalia
CRA,Teruel,"41.014217, 0.186699",CRA MATARRANYA,917,cen,44005062,Calaceite
CRA,Teruel,"41.030989, -0.594975",CRA ARIÑO-ALLOZA,521,cen,44004720,Ariño
CRA,Zaragoza,"41.569052, -0.741541",CRA MARÍA MOLINER,769,cen,50011331,Burgo De Ebro (El)
CRA,Huesca,"42.14263, -0.012977",CRA VERO-ALCANADRE,93,cen,22000056,Adahuesca
CRA,Teruel,"40.925245, 0.076059",CRA DE LA FRESNEDA,766,cen,44004744,Fresneda (La)
CRA,Huesca,"42.145548, -0.456668",CRA MONTEARAGÓN,719,cen,22005728,Chimillas
CRA,Zaragoza,"41.628265, -0.891363",CRA LA HUECHA,780,cen,50011379,Magallón
CRA,Teruel,"40.866419, -0.520106",CRA SOMONTANO-BAJO ARAGÓN,317,cen,44004707,Mata De Los Olmos (La)
CRA,Huesca,"41.82446, 0.199015",CRA EL TRÉBOL,375,cen,22005741,Binaced
CRA,Huesca,"41.769316, -0.328963",CRA MONEGROS NORTE,885,cen,22002843,Lanaja
CRA,Zaragoza,"41.176453, 0.165328",CRA FABARA-NONASPE DOS AGUAS,414,cen,50011343,Fabara
CRA,Teruel,"40.523975, -0.40467",CRA ALTO MAESTRAZGO,636,cen,44004690,Cantavieja
CRA,Zaragoza,"41.249604, -1.154729",CRA LA CEPA,297,cen,50011392,Paniza
CRA,Teruel,"40.361296, -0.44719",CRA MAESTRAZGO GÚDAR,109,cen,44004616,Mosqueruela
CRA,Teruel,"40.884378, -1.334034",CRA EL POYO DEL CID,207,cen,44005165,Calamocha
CRA,Huesca,"41.493487, -0.151525",CRA MONTESNEGROS,737,cen,22005686,Peñalba
CRA,Huesca,"41.473417, 0.333552",CRA RIBERA DEL CINCA,292,cen,22005807,Torrente De Cinca
CRA,Zaragoza,"41.766409, -1.172933",CRA ÍNSULA BARATARIA,778,cen,50011239,Figueruelas
CRA,Zaragoza,"42.197623, -1.336436",CRA LUIS BUÑUEL,506,cen,50011240,Ejea De Los Caballeros
CRA,Teruel,"40.05906, -0.828855",CRA JAVALAMBRE,315,cen,44004483,Manzanera
CRA,Huesca,"42.559283, -0.788084",CRA RÍO ARAGÓN,741,cen,22005789,Puente La Reina De Jaca
CRA,Zaragoza,"41.215724, -1.833712",CRA MESA-PIEDRA-ALTO CAMPILLO,528,cen,50011185,Ibdes
CRA,Huesca,"41.9106, 0.181981",CRA ARCO IRIS,278,cen,22005820,Monzón
CRA,Huesca,"41.865107, 0.461558",CRA LA LLITERA,511,cen,22005674,Albelda
CRA,Huesca,"42.581921, 0.295112",CRA CINCA-CINQUETA,889,cen,22003586,Plan
CRIE,Zaragoza,"41.67858, -0.968307",CRIE VENTA DEL OLIVAR,934,cen,50700239,Zaragoza
CRIE,Teruel,"40.9163034, -1.3013142",CRIE CALAMOCHA,942,cen,44700153,Calamocha
CRIE,Teruel,"40.8915162, -0.3809659",CRIE ALCORISA,931,cen,44700131,Alcorisa
IES,Teruel,"40.976874, -0.450569",IES PABLO SERRANO,394,cen,44004653,Andorra
IES,Zaragoza,"41.508583, -0.630957",IES BENJAMÍN JARNÉS,641,cen,50009543,Fuentes De Ebro
IES,Teruel,"40.788338, -1.357026",IES SALVADOR VICTORIA,734,cen,44004665,Monreal Del Campo
IES,Huesca,"42.192182, 0.347666",IES BALTASAR GRACIÁN,4,cen,22002168,Graus
IES,Zaragoza,"41.655, -0.890441",IES RAMÓN Y CAJAL,231,cen,50011550,Zaragoza
IES,Zaragoza,"41.772914, -1.124972",IES CONDE ARANDA,638,cen,50000163,Alagón
IES,Teruel,"40.353143, -1.111218",IES SEGUNDO DE CHOMÓN,493,cen,44003223,Teruel
IES,Zaragoza,"41.657247, -0.916864",IES SANTIAGO HERNÁNDEZ,709,cen,50010491,Zaragoza
IES,Teruel,"40.815112, -0.852655",IES FERNANDO LÁZARO CARRETER,637,cen,44004550,Utrillas
IES,Huesca,"41.941906, -0.365873",IES MONTES NEGROS,795,cen,22006101,Grañén
IES,Teruel,"40.34103, -1.108503",IES VEGA DEL TURIA,204,cen,44003235,Teruel
IES,Teruel,"41.052302, -0.129082",IES BAJO ARAGÓN,82,cen,44005177,Alcañiz
IES,Teruel,"40.351859, -1.113153",IES FRANCÉS DE ARANDA,386,cen,44003247,Teruel
IES,Zaragoza,"41.644644, -0.923391",IES RAMÓN PIGNATELLI,83,cen,50008186,Zaragoza
IES,Zaragoza,"41.644209, -0.86338",IES PABLO SERRANO,287,cen,50010144,Zaragoza
IES,Huesca,"42.135781, -0.40272",IES SIERRA DE GUARA,502,cen,22002521,Huesca
IES,Zaragoza,"41.833725, -1.529385",IES JUAN DE LANUZA,920,cen,50000874,Borja
IES,Zaragoza,"41.668796, -0.843652",IES RÍO GÁLLEGO,895,cen,50009567,Zaragoza
IES,Huesca,"41.525533, 0.339581",IES BAJO CINCA,609,cen,22004888,Fraga
IES,Zaragoza,"41.660598, -0.903868",IES ANDALÁN,760,cen,50010946,Zaragoza
IES,Teruel,"40.409546, -1.431951",IES LOBETANO,385,cen,44005207,Albarracín
IES,Zaragoza,"41.672797, -0.829818",IES ÍTACA,311,cen,50005793,Zaragoza
IES,Huesca,"42.117397, -0.446244",IES PIRÁMIDE,701,cen,22002511,Huesca
IES,Zaragoza,"41.653905, -0.91687",IES FÉLIX DE AZARA,916,cen,50009211,Zaragoza
IES,Zaragoza,"41.646566, -0.876897",IES MEDINA ALBAIDA,371,cen,50010995,Zaragoza
IES,Zaragoza,"41.783284, -1.224673",IES SIGLO XXI,592,cen,50011070,Pedrola
IES,Zaragoza,"41.471984, -1.370795",IES CABAÑAS,105,cen,50010533,Almunia De Doña Godina (La)
IES,Huesca,"42.138971, -0.416259",IES RAMÓN Y CAJAL,494,cen,22002508,Huesca
IES,Zaragoza,"41.901859, -1.418404",IES VALLE DEL HUECHA,260,cen,50011677,Mallén
IES,Zaragoza,"41.634367, -0.872765",IES PABLO GARGALLO,154,cen,50009178,Zaragoza
IES,Zaragoza,"41.6250652, -0.9293576",IES VALDESPARTERA,267,cen,50019020,Zaragoza
IES,Huesca,"41.789209, -0.15307",IES MONEGROS-GASPAR LAX,519,cen,22005030,Sariñena
IES,Zaragoza,"41.673753, -0.896617",IES MIGUEL DE MOLINOS,70,cen,50010958,Zaragoza
IES,Zaragoza,"41.635131, -0.889307",IES MIGUEL SERVET,263,cen,50008174,Zaragoza
IES,Huesca,"42.502564, -0.362015",IES BIELLO ARAGÓN,618,cen,22004891,Sabiñánigo
IES,Zaragoza,"41.650262, -0.927717",IES MARÍA MOLINER,301,cen,50008642,Zaragoza
IES,Zaragoza,"41.703877, -0.99351",IES TORRE DE LOS ESPEJOS,186,cen,50018428,Utebo
IES,Zaragoza,"41.711409, -1.000898",IES PEDRO CERRADA,520,cen,50010041,Utebo
IES,Zaragoza,"41.665516, -0.870273",IES LA AZUCARERA,848,cen,50017886,Zaragoza
IES,Zaragoza,"41.642748, -0.891126",IES GOYA,44,cen,50008198,Zaragoza
IES,Teruel,"40.455011, -1.280422",IES SIERRA PALOMERA,553,cen,44005128,Cella
IES,Zaragoza,"41.677423, -0.883092",IES TIEMPOS MODERNOS,87,cen,50010511,Zaragoza
IES,Zaragoza,"41.915144, -1.255668",IES RÍO ARBA,203,cen,50008770,Tauste
IES,Zaragoza,"41.233402, -0.043817",IES MAR DE ARAGÓN,639,cen,50011732,Caspe
IES,Zaragoza,"41.338321, -1.225399",IES JOAQUÍN COSTA,106,cen,50001349,Cariñena
IES,Zaragoza,"41.677064, -0.877718",IES AVEMPACE,102,cen,50009348,Zaragoza
IES,Zaragoza,"41.354949, -1.639085",IES LEONARDO DE CHABACIER,763,cen,50001167,Calatayud
IES,Huesca,"42.568272, -0.552753",IES DOMINGO MIRAL,532,cen,22002727,Jaca
IES,Zaragoza,"41.668165, -0.894449",IES ELAIOS,710,cen,50010727,Zaragoza
IES,Huesca,"41.523237, 0.343389",IES RAMÓN J. SENDER,735,cen,22001917,Fraga
IES,Zaragoza,"41.663178, -0.8957",IES LUIS BUÑUEL,388,cen,50008460,Zaragoza
IES,Zaragoza,"42.128533, -1.12635",IES REYES CATÓLICOS,764,cen,50001830,Ejea De Los Caballeros
IES,Teruel,"40.332221, -1.106597",IES SANTA EMERENCIANA,610,cen,44003211,Teruel
IES,Zaragoza,"41.860148, -0.790861",IES GALLICUM,759,cen,50009592,Zuera
IES,Huesca,"41.721375, 0.110047",IES CINCA-ALCANADRE,55,cen,22006113,Alcolea De Cinca
IES,Huesca,"42.520845, -0.363853",IES SAN ALBERTO MAGNO,228,cen,22003902,Sabiñánigo
IES,Huesca,"42.032941, 0.131694",IES HERMANOS ARGENSOLA,608,cen,22000809,Barbastro
IES,Zaragoza,"41.110735, -1.420173",IES COMUNIDAD DE DAROCA,707,cen,50010284,Daroca
IES,Zaragoza,"42.122928, -1.137662",IES CINCO VILLAS,518,cen,50009129,Ejea De Los Caballeros
IES,Zaragoza,"41.659918, -0.860813",IES PILAR LORENGAR,298,cen,50010739,Zaragoza
IES,Zaragoza,"41.643394, -0.897516",IES CORONA DE ARAGÓN,404,cen,50008125,Zaragoza
IES,Huesca,"42.411343, 0.139225",IES SOBRARBE,433,cen,22005406,Aínsa-Sobrarbe
IES,Zaragoza,"41.6765262,-0.8931996",IES PARQUE GOYA,620,cen,50018416,Zaragoza
IES,Zaragoza,"41.607717, -1.297413",IES RODANAS,640,cen,50011008,Épila
IES,Zaragoza,"41.331869, -1.789888",IES ZAURÍN,762,cen,50011252,Ateca
IES,Teruel,"41.171787, -0.452149",IES PEDRO LAÍN ENTRALGO,448,cen,44004239,Híjar
IES,Huesca,"41.90486, 0.185109",IES JOSÉ MOR DE FUENTES,81,cen,22003288,Monzón
IES,Huesca,"42.039791, 0.123253",IES MARTÍNEZ VARGAS,65,cen,22004611,Barbastro
IES,Zaragoza,"41.642406, -0.861938",IES FRANCISCO GRANDE COVIÁN,708,cen,50010302,Zaragoza
IES,Zaragoza,"41.633728, -0.902072",IES MIGUEL CATALÁN,621,cen,50011525,Zaragoza
IES,Zaragoza,"41.908006, -1.720792",IES TUBALCAÍN,475,cen,50011513,Tarazona
IES,Zaragoza,"41.652495, -0.873021",IES PEDRO DE LUNA,901,cen,50008289,Zaragoza
IES,Zaragoza,"41.625069, -0.879251",IES JOSÉ MANUEL BLECUA,104,cen,50009166,Zaragoza
IES,Zaragoza,"41.65538, -0.900508",IES EL PORTILLO,465,cen,50008459,Zaragoza
IES,Huesca,"42.136129, -0.404153",IES LUCAS MALLADA,244,cen,22004773,Huesca
IES,Huesca,"42.578286, -0.540315",IES PIRINEOS,503,cen,22005765,Jaca
IES,Teruel,"40.246101, -0.748734",IES GÚDAR-JAVALAMBRE,30,cen,44005116,Mora De Rubielos
IES,Teruel,"40.921712, -1.295447",IES VALLE DEL JILOCA,84,cen,44004045,Calamocha
IES,Teruel,"40.871009, 0.156556",IES MATARRAÑA,205,cen,44004598,Valderrobres
IES,Zaragoza,"41.660318, -0.941391",IES MIRALBUENO,736,cen,50010156,Zaragoza
IES,Zaragoza,"41.357433, -1.636289",IES EMILIO JIMENO,314,cen,50001179,Calatayud
IES,Zaragoza,"41.644705, -0.909093",IES JERÓNIMO ZURITA,575,cen,50008277,Zaragoza
IES,Teruel,"40.892978, -0.38274",IES DAMIÁN FORMENT,190,cen,44005098,Alcorisa
IES,Zaragoza,"41.625722, -0.905893",IES VIRGEN DEL PILAR,508,cen,50006414,Zaragoza
IFPE,Huesca,"42.127066, -0.399799",IFPE MONTEARAGÓN,302,cen,22002491,Huesca
IFPE,Zaragoza,"41.63785, -0.799551",IFPE DE MOVERA,510,cen,50005690,Zaragoza
IFPE,Teruel,"40.343316, -1.107624",IFPE ESCUELA DE HOSTELERÍA DE TERUEL,67,cen,44010011,Teruel
SEC-IES,Zaragoza,"41.496685, -0.154067",SEC-IES MAR DE ARAGÓN,541,cen,50011720,Bujaraloz
SEC-IES,Zaragoza,"41.7553738, -0.8355242",SEC-IES GALLICUM,581,cen,50019101,Villanueva De Gállego
SEC-IES,Teruel,"40.522981, -0.404409",SEC-IES SEGUNDO DE CHOMÓN,808,cen,44005190,Cantavieja
SEC-IES,Zaragoza,"41.5856572, -1.1139393",SEC-IES RODANAS,936,cen,50019354,Muela (La)
SEC-IES,Zaragoza,"41.633294, -0.7491811",SEC-IES ÍTACA,533,cen,50018842,Puebla De Alfindén (La)
